k,mean,variance,std,Î¼
0.4,1.014080189195928,0.04550484304351816,0.21331864204405146,0.014080189195927757
0.8,0.9134519686565451,0.034185058568982525,0.184892018673015,-0.08654803134345473
1.2,1.1102734172529263,0.024993553811097573,0.15809349705505782,0.11027341725292619
1.6,1.2077437850201744,0.06576453699550819,0.25644597285882303,0.20774378502017393
2.0,1.2208074594424652,0.08034711004493608,0.283455657987164,0.22080745944246508
2.4,1.3076045532376643,0.06075013123210581,0.2464754170949018,0.3076045532376641
2.8,1.412406342718119,0.045650891916342,0.21366069342848723,0.41240634271811905
3.2,1.4614972919031899,0.043194878999485535,0.20783377733055217,0.4614972919031902
3.6,1.3951173827234906,0.09219111968490631,0.3036299057815391,0.39511738272349056
4.0,1.322429755793945,0.14413577642077816,0.3796521782115548,0.322429755793945
4.4,1.0878620764291862,0.16339253005512563,0.4042184187479903,0.08786207642918631
4.8,1.388576492183978,0.20346122211902526,0.45106676015754615,0.38857649218397816
5.2,1.5755157948666194,0.17791153062283704,0.4217956028965179,0.5755157948666196
5.6,1.4388538659189987,0.27317435442271454,0.5226608407205523,0.4388538659189985
6.0,1.536340423363704,0.18829579069491859,0.4339306288969685,0.5363404233637036
6.4,1.329412033358641,0.19923386311056857,0.44635620653304303,0.3294120333586409
6.8,1.4151781593518244,0.2018458382164543,0.4492725656174148,0.41517815935182456
7.2,1.483735797074759,0.26589551731938305,0.5156505767662662,0.48373579707475906
7.6,1.456038462327056,0.28491000927142035,0.5337696219076357,0.456038462327056
8.0,1.5952687395529608,0.19661014943823585,0.44340743051761755,0.5952687395529609
8.4,1.2885751467912243,0.19613416711738008,0.44287037281509367,0.2885751467912244
8.8,1.2399500572801552,0.2468439916020143,0.4968339678423913,0.23995005728015512
9.2,1.379190221387839,0.12366948145573149,0.35166671928934573,0.37919022138783937
9.6,1.3461961094386692,0.09270648790182023,0.3044774012990459,0.3461961094386691
10.0,1.4353558952712906,0.15684502322529192,0.3960366437910663,0.4353558952712907
10.4,1.4245333706497472,0.2624406330295778,0.5122895987911309,0.4245333706497473
10.8,1.3283191533869603,0.16756883607514855,0.40935172660579866,0.3283191533869604
11.2,1.259758240546827,0.2665118049870052,0.5162478135421061,0.25975824054682695
11.6,1.4160605975106413,0.19502807770962668,0.4416198339178469,0.41606059751064145
12.0,1.3130778724367675,0.3471966860652421,0.5892339824426643,0.3130778724367674
12.4,1.532179421694865,0.16561843159334264,0.4069624449422116,0.5321794216948651
12.8,1.5094335005097106,0.11794821986955022,0.343435903582532,0.5094335005097104
13.2,1.2446804702526781,0.15686840104670077,0.396066157411487,0.24468047025267797
13.6,1.419920613111688,0.16420260988961052,0.40521921214277407,0.41992061311168766
14.0,1.4671499436607134,0.2430390187785012,0.4929898769533723,0.46714994366071333
14.4,1.3218619223935968,0.2677213375353573,0.5174179524672075,0.3218619223935965
14.8,1.4000388218088209,0.177693750378491,0.4215373653408331,0.4000388218088207
15.2,1.1369754078350933,0.21556494805936569,0.46428972426639564,0.13697540783509327
15.6,1.48320324928203,0.23377888033124541,0.4835068565503962,0.4832032492820303
16.0,1.448895985141443,0.22180912945095158,0.4709661659301564,0.4488959851414429
16.4,1.344436016381812,0.20385730562474888,0.45150559866379164,0.34443601638181237
16.8,1.4203163850603313,0.16523173778867353,0.40648706964511616,0.4203163850603314
17.2,1.4963874065016398,0.37425888885954556,0.6117670217162294,0.4963874065016398
17.6,1.4362541129765194,0.3472747162150448,0.5893001919353538,0.4362541129765196
18.0,1.6211458739676707,0.1754421163866314,0.4188581100881674,0.621145873967671
18.4,1.5044463342277412,0.18341202209969767,0.4282662981133324,0.5044463342277413
18.8,1.4130576424867018,0.18435666174634918,0.4293677465138121,0.4130576424867017
19.2,1.3141787703456294,0.25354694901337,0.5035344566297028,0.31417877034562924
19.6,1.356073004755823,0.14512393904180979,0.380951360467199,0.35607300475582304
20.0,1.1699231719661745,0.24126750481277354,0.4911898867167091,0.16992317196617437
20.4,1.511085561658947,0.1960472947842314,0.44277228321591156,0.5110855616589467
20.8,1.4384793042138493,0.19851938555291218,0.44555514311127886,0.4384793042138491
21.2,1.3706221199853408,0.39336475869242954,0.627187977158706,0.3706221199853409
21.6,1.4146520011330967,0.15382408767292577,0.3922041403056905,0.4146520011330968
22.0,1.4081213218188557,0.14437915284470373,0.37997256854239325,0.40812132181885563
22.4,1.2930225242473221,0.2476682833272481,0.49766282092120173,0.2930225242473218
22.8,1.2926465135977474,0.15023002917921002,0.38759518724980324,0.2926465135977477
23.2,1.3788339538041066,0.32405258029227985,0.5692561640353838,0.37883395380410645
23.6,1.4091411199625719,0.20966626975363378,0.45789329516125676,0.40914111996257196
24.0,1.3870464817292114,0.16146861465805482,0.4018315749888936,0.3870464817292112
24.4,1.5632061449545982,0.09130616954649617,0.3021691075316869,0.563206144954598
24.8,1.4959637385697442,0.16622015911922547,0.4077010658794326,0.4959637385697443
25.2,1.320901486040181,0.16941479895479086,0.41160029027539674,0.3209014860401811
25.6,1.330270001283809,0.10990120458208404,0.331513505881863,0.3302700012838088
26.0,1.3899577162391177,0.11856039264134952,0.344325997626304,0.3899577162391178
26.4,1.554696198656886,0.05148880124127917,0.22691143920322565,0.5546961986568857
26.8,1.3544013447907712,0.1326230018459306,0.36417441130031447,0.3544013447907712
27.2,1.416823633205747,0.11281770100698035,0.3358834634318581,0.4168236332057475
27.6,1.3545908793195334,0.09384616368250724,0.30634321223507993,0.3545908793195334
28.0,1.3428035102730667,0.10266053939600801,0.32040683419054594,0.3428035102730666
28.4,1.1881611570091721,0.10720453089176808,0.32742103000840994,0.18816115700917224
28.8,1.399173397035403,0.10398945424926008,0.3224739590250042,0.39917339703540305
29.2,1.4265696413391984,0.14443058146590443,0.3800402366406805,0.4265696413391982
29.6,1.271264438517335,0.1655198819236288,0.4068413473623702,0.2712644385173353
30.0,1.3257434453616026,0.16512401386272288,0.4063545420722191,0.3257434453616028
30.4,1.4942173347250043,0.1503145365869234,0.38770418696078507,0.49421733472500395
30.8,1.4736687250900722,0.1477941908117264,0.3844401004210232,0.4736687250900721
31.2,1.3855903529737161,0.20251295430970184,0.45001439344725613,0.38559035297371613
31.6,1.3755978006915388,0.20687983108459962,0.4548404457439989,0.37559780069153903
32.0,1.4180147641239693,0.22190921629792643,0.4710724108859767,0.41801476412396904
32.4,1.4735264678385744,0.08359068437382447,0.28912053606380933,0.47352646783857455
32.8,1.3382233006784006,0.10854297104409623,0.32945860292925455,0.33822330067840073
33.2,1.5114197507427383,0.0820347149094861,0.28641702971277055,0.5114197507427385
33.6,1.2245954067071612,0.3033178819870484,0.5507430271796897,0.22459540670716108
34.0,1.277054654729064,0.2200594566224999,0.46910495267317304,0.2770546547290642
34.4,1.5731195276433143,0.17701714887179973,0.42073405955757814,0.5731195276433143
34.8,1.4844730087164963,0.1060112851870132,0.3255937425489212,0.48447300871649646
35.2,1.3124743805919439,0.1704651634032685,0.4128742706966232,0.31247438059194393
35.6,1.2947352129099754,0.18035885884215733,0.4246867773337867,0.294735212909975
36.0,1.3698279006625111,0.16382220749151283,0.4047495614469679,0.36982790066251103
36.4,1.45176851876208,0.13284284499633836,0.3644761240415322,0.4517685187620801
36.8,1.278809288638739,0.3861392450028028,0.6214010339569792,0.27880928863873883
37.2,1.3220598514589619,0.16596104089537164,0.407383162262963,0.32205985145896177
37.6,1.3031561027905414,0.22310416887214887,0.472339040173633,0.3031561027905413
38.0,1.7648144457306085,0.15466512997095058,0.3932748783878149,0.7648144457306083
38.4,1.5155220738189785,0.2395276877480649,0.48941565948390425,0.5155220738189785
38.8,1.3387821036965601,0.20752630960297982,0.45555055658288884,0.3387821036965606
39.2,1.3582962425337766,0.2425671926387479,0.49251110915262397,0.35829624253377623
39.6,1.3811506326512617,0.1898484960016209,0.43571607269140405,0.3811506326512614
40.0,1.4543705927675816,0.10588007528507073,0.32539218688387517,0.4543705927675816
40.4,1.3388870843873857,0.24568413947832618,0.4956653502902197,0.338887084387386
40.8,1.4838307537310542,0.23569456140250544,0.4854838425761515,0.48383075373105466
41.2,1.4179205201606522,0.19994642749345926,0.44715369560527984,0.41792052016065184
41.6,1.3070694288143616,0.2143592670527962,0.46298948913857235,0.3070694288143615
42.0,1.363925483061555,0.23186829483991575,0.4815270447647938,0.3639254830615549
42.4,1.2760103022706901,0.38381355272454615,0.619526878129227,0.2760103022706904
42.8,1.2662812479436647,0.15024086106863338,0.3876091601970126,0.2662812479436648
43.2,1.4654063743716126,0.20958515458268465,0.45780471227662634,0.4654063743716129
43.6,1.398029602487653,0.10639723408292937,0.3261858888470336,0.3980296024876533
44.0,1.3321558014903796,0.16682565712988862,0.40844296680183956,0.3321558014903797
44.4,1.531942579450075,0.2426373292352878,0.4925823070668371,0.5319425794500746
44.8,1.5048566942555601,0.3450090047526628,0.5873746715280314,0.5048566942555601
45.2,1.4509219523583632,0.09888237498212776,0.3144556804736206,0.45092195235836313
45.6,1.3860004491999791,0.13527026452042418,0.36779106095774566,0.3860004491999793
46.0,1.4499678181098676,0.19673607178539818,0.4435494017416754,0.44996781810986813
46.4,1.3363724540885564,0.17642071081041485,0.42002465500303054,0.33637245408855654
46.8,1.2738138384732398,0.08454016996714753,0.2907579233093185,0.2738138384732398
47.2,1.4143685623949291,0.2503411341327519,0.500341017839585,0.4143685623949292
47.6,1.451025538696913,0.11888955157036867,0.3448036420491649,0.451025538696913
48.0,1.491050537000866,0.16097118711985534,0.4012121472735532,0.4910505370008661
48.4,1.5296116670126234,0.10253128423121814,0.32020506590498865,0.5296116670126233
48.8,1.3884955870751803,0.12359941222754528,0.3515670806937778,0.3884955870751803
49.2,1.4632658479259284,0.15493488342250028,0.39361768687712734,0.4632658479259284
49.6,1.2872618242577123,0.15343687556281865,0.39171019333535173,0.2872618242577122
50.0,1.369546281521443,0.14686484236980474,0.38322949047509997,0.36954628152144336
50.4,1.2825793563705266,0.11939829823593215,0.3455405884059529,0.28257935637052667
50.8,1.240904537576331,0.10830709562712779,0.32910043395159444,0.240904537576331
51.2,1.4416173638329401,0.10542926835962396,0.3246987347675133,0.4416173638329403
51.6,1.3772231572622247,0.1993174143941591,0.4464497893315206,0.3772231572622247
52.0,1.4102314269266087,0.07078092126409298,0.26604684035728177,0.41023142692660874
52.4,1.408326029663765,0.2441981680876577,0.49416411048118186,0.4083260296637651
52.8,1.3012084107108737,0.29148177253385016,0.5398905190257096,0.30120841071087373
53.2,1.3830826192869765,0.16265383264082453,0.40330364818685255,0.3830826192869765
53.6,1.3298459333628547,0.16950235878285272,0.4117066416550172,0.3298459333628547
54.0,1.3572944661029334,0.11772421683741931,0.3431096280162061,0.3572944661029336
54.4,1.4412737583676272,0.10692493505772756,0.32699378443286586,0.4412737583676273
54.8,1.5428088007557503,0.12260981671828164,0.35015684588235835,0.5428088007557503
55.2,1.4410000507072755,0.1539885032113732,0.3924136888684863,0.44100005070727544
55.6,1.5465912740617662,0.17918681341144244,0.42330463429006115,0.5465912740617662
56.0,1.4550430575936637,0.24519715245470197,0.49517386083546655,0.4550430575936639
56.4,1.4811516098195197,0.24127869262069288,0.4912012750601253,0.48115160981951954
56.8,1.4207456822865772,0.16027139219338046,0.40033909650867283,0.42074568228657744
57.2,1.3652469008468981,0.11306025772245293,0.33624434229062194,0.3652469008468983
57.6,1.3006691828587984,0.09850519623368863,0.3138553747089392,0.3006691828587983
58.0,1.4231213366057782,0.15145797998816052,0.3891760269957035,0.423121336605778
58.4,1.3146639515083796,0.12120351787370796,0.3481429560880242,0.31466395150837967
58.8,1.3394133924757334,0.09837224375718275,0.31364349787168033,0.3394133924757334
59.2,1.3730831478980137,0.10566494582327861,0.3250614493034796,0.37308314789801345
59.6,1.3851591079642187,0.12738801558198373,0.35691457742992755,0.3851591079642187
60.0,1.4111413909866306,0.1691840033299882,0.4113198309466591,0.41114139098663055
60.4,1.3901495878856833,0.09758037938539581,0.3123785834294595,0.3901495878856833
60.8,1.4412476491462445,0.0821574673023536,0.28663123922970013,0.4412476491462445
61.2,1.2948787923140617,0.14662486696977214,0.38291626626427366,0.2948787923140618
61.6,1.430326035991191,0.1330558166437481,0.36476816835319953,0.4303260359911906
62.0,1.438028626504075,0.10858295711405985,0.32951928185473434,0.4380286265040751
62.4,1.254673973129386,0.09666225916775295,0.3109055470199156,0.2546739731293863
62.8,1.396001844540199,0.07863913031206306,0.2804266932944563,0.3960018445401987
63.2,1.262268116619643,0.15346529566246958,0.3917464686024235,0.26226811661964305
63.6,1.3564283368331926,0.26210860123154334,0.5119654297230852,0.3564283368331927
64.0,1.3993676273698317,0.13298326717057618,0.3646687087900142,0.3993676273698316
64.4,1.4667973447110942,0.22721890860895072,0.47667484579003194,0.46679734471109413
64.8,1.5429156634443546,0.10396881509545637,0.32244195616491406,0.5429156634443542
65.2,1.3394985410021043,0.14121802007324497,0.3757898615892198,0.3394985410021042
65.6,1.4435044898969218,0.1711093876915422,0.4136537050378519,0.44350448989692176
66.0,1.4155025011005153,0.11473877134720556,0.3387311195435187,0.4155025011005156
66.4,1.5828082754271882,0.14575786330630508,0.38178248166502493,0.5828082754271882
66.8,1.427807288661516,0.19528681805565007,0.441912681483175,0.42780728866151563
67.2,1.3505012731198298,0.12179211184073936,0.3489872660151647,0.3505012731198301
67.6,1.4478973248232812,0.09350358598549227,0.3057835606854827,0.4478973248232814
68.0,1.3754150074338591,0.07027787844964603,0.265099751885297,0.37541500743385925
68.4,1.3577718279378197,0.190927829263819,0.4369528913553714,0.3577718279378198
68.8,1.3267420236253549,0.06756206218003756,0.2599270324149406,0.3267420236253548
69.2,1.4269004041867217,0.11216515431857788,0.33491066617618775,0.4269004041867216
69.6,1.3853455774527026,0.12684403986553938,0.3561517090588495,0.3853455774527027
70.0,1.2595345819002979,0.11155237130317158,0.3339945677749439,0.2595345819002982
70.4,1.2889245452667377,0.18342575725591032,0.4282823335790426,0.2889245452667376
70.8,1.442103530591643,0.12476242691912447,0.35321725172919355,0.4421035305916433
71.2,1.3962811774036266,0.12314170620275998,0.350915525736266,0.3962811774036263
71.6,1.4853228962580802,0.12072284220352007,0.3474519279030123,0.48532289625808034
72.0,1.3777430578815688,0.0653947381091492,0.2557239490332284,0.3777430578815689
72.4,1.3788985953452624,0.11266091096811044,0.3356499828215554,0.3788985953452624
72.8,1.4100368435335953,0.07188062863539578,0.2681056296227212,0.41003684353359526
73.2,1.2675421613583493,0.11948474102936088,0.3456656491891563,0.26754216135834913
73.6,1.4155280718555259,0.14228001098344367,0.37720022664818703,0.4155280718555258
74.0,1.4878712395753966,0.13202095649831938,0.3633468817787203,0.4878712395753963
74.4,1.4117197400621326,0.1606301428287351,0.4007869045125291,0.41171974006213236
74.8,1.3169216691035248,0.1713396757674733,0.4139319699751075,0.3169216691035246
75.2,1.6067327869616972,0.07221269199135139,0.2687241931634578,0.6067327869616975
75.6,1.4938265217187972,0.07392192238005998,0.27188586278079996,0.4938265217187974
76.0,1.344309942590257,0.15465902943775137,0.3932671222435857,0.3443099425902568
76.4,1.4836807813248911,0.1262411983658332,0.3553043742565425,0.483680781324891
76.8,1.34529957941646,0.17692115460812738,0.4206199645857616,0.3452995794164601
77.2,1.361561443504563,0.11184061565428448,0.33442579992321836,0.3615614435045633
77.6,1.3304313765571538,0.09213498443514116,0.3035374514539205,0.33043137655715377
78.0,1.328662972964485,0.05258881313049876,0.22932250899224604,0.32866297296448516
78.4,1.5080137664925335,0.08096356205187903,0.28454096726460854,0.5080137664925339
78.8,1.3310302930078666,0.1597351691441057,0.3996688243334795,0.33103029300786646
79.2,1.3803200637188326,0.10615763234657874,0.3258184039408743,0.38032006371883276
79.6,1.3441714520325363,0.27329563385621497,0.5227768490055914,0.344171452032536
80.0,1.3519305273517888,0.12937964591035955,0.35969382245231785,0.3519305273517888
80.4,1.3525089197568263,0.11279425777154428,0.3358485637479254,0.352508919756826
80.8,1.3542765104935213,0.13117947381654718,0.3621870701951509,0.35427651049352143
81.2,1.4837931469555683,0.21986829192169519,0.46890115367921115,0.48379314695556863
81.6,1.4016994202438324,0.2784574717059325,0.5276906970052935,0.40169942024383243
82.0,1.3951256323609689,0.19685206438829964,0.44368013747326984,0.3951256323609692
82.4,1.5350458139722312,0.11875691823888927,0.3446112566920722,0.5350458139722312
82.8,1.351537120925542,0.0766404641943788,0.2768401419490656,0.351537120925542
83.2,1.287764264446393,0.25834799782196216,0.5082794485536103,0.2877642644463931
83.6,1.3501504331742098,0.12345243015419695,0.3513579800633493,0.35015043317420985
84.0,1.5285684786816884,0.12028687929395411,0.3468239889251522,0.5285684786816887
84.4,1.3794869680223192,0.13184200239915234,0.36310054034544254,0.37948696802231885
84.8,1.331415488033246,0.1299940999516035,0.3605469455585548,0.33141548803324594
85.2,1.4404549510293994,0.0636374498871554,0.2522646425624396,0.4404549510293994
85.6,1.4096072579406953,0.18778249694901653,0.4333387784967052,0.4096072579406953
86.0,1.30277052219689,0.1101071558809046,0.3318239832816558,0.30277052219689005
86.4,1.4552755304753486,0.17177280552752838,0.4144548292969071,0.4552755304753486
86.8,1.3231745643745074,0.20661568997310079,0.45454998622054843,0.3231745643745072
87.2,1.4777160481132359,0.054318187640183375,0.23306262600465003,0.47771604811323576
87.6,1.3454550171875936,0.15096047249859898,0.3885363206942164,0.3454550171875934
88.0,1.3175522445362198,0.16995122358824183,0.41225140823075646,0.3175522445362199
88.4,1.4425107710947045,0.13670491859257866,0.36973628249412943,0.4425107710947046
88.8,1.3726050926248903,0.10771464149122666,0.3281990881937771,0.37260509262489033
89.2,1.4029879251887765,0.19798248976724028,0.4449522331298499,0.4029879251887765
89.6,1.342095351238142,0.11125298377043985,0.33354607443416245,0.342095351238142
90.0,1.503836209784253,0.17759129331309953,0.42141581996064115,0.5038362097842534
90.4,1.3822690403913171,0.18350893650392572,0.4283794305331731,0.38226904039131704
90.8,1.543064773583126,0.3011650245084655,0.5487850439912384,0.5430647735831258
91.2,1.4699407435914666,0.1780058054909393,0.421907342305084,0.4699407435914664
91.6,1.4164972209620372,0.1675325627203014,0.4093074183548368,0.41649722096203756
92.0,1.2809986146991794,0.24226125407127186,0.49220042063296926,0.28099861469917936
92.4,1.3424991334078105,0.19579648842364983,0.44248896983275166,0.3424991334078104
92.8,1.4320542771930633,0.10681049460455241,0.3268187488571493,0.4320542771930632
93.2,1.5565743908384044,0.07887116417877378,0.2808401042920576,0.5565743908384044
93.6,1.3600245361514802,0.10276488125175183,0.3205696199763038,0.3600245361514801
94.0,1.2638856345970668,0.08390910779344264,0.28967068852999717,0.2638856345970671
94.4,1.369266163062682,0.17495208287931072,0.4182727374325402,0.3692661630626818
94.8,1.3797347963334938,0.09858530428066554,0.3139829681378682,0.3797347963334936
95.2,1.4763015006906541,0.12755212056327875,0.3571443973566977,0.4763015006906544
95.6,1.4269802005019678,0.06953774771264978,0.26370010942858896,0.42698020050196794
96.0,1.4318573168118511,0.11264979764245785,0.33563342748072317,0.43185731681185124
96.4,1.4523170380829682,0.09521559629017946,0.30857024530919935,0.4523170380829683
96.8,1.3425664975859324,0.12220247511778523,0.34957470606121555,0.34256649758593244
97.2,1.3046197748902544,0.07873968481156272,0.28060592440567383,0.3046197748902541
97.6,1.4329660810689842,0.09684401222806474,0.31119770601349994,0.43296608106898427
98.0,1.4405554350899952,0.10021041830300333,0.3165602917344551,0.4405554350899948
98.4,1.4318540626604679,0.07036617469549981,0.2652662336135148,0.43185406266046805
98.8,1.4521949710753015,0.04557809481786651,0.21349026867252408,0.4521949710753015
99.2,1.2124744890014731,0.12630992503019214,0.35540107629295686,0.2124744890014731
99.6,1.2885765186711533,0.0937019444910138,0.30610773347142634,0.28857651867115336
100.0,1.4708166406998235,0.09458988785633454,0.3075546908377997,0.4708166406998238
100.4,1.3767102291035755,0.09957322008057547,0.315552246197956,0.3767102291035755
100.8,1.3892868016169981,0.09288544351475193,0.3047711330076258,0.38928680161699797
101.2,1.3855771803272217,0.08826286723560081,0.29709067174113835,0.38557718032722155
101.6,1.4246836741999331,0.17568588864688675,0.4191490053034681,0.424683674199933
102.0,1.3519802942113557,0.12782889292363028,0.35753166702213984,0.35198029421135585
102.4,1.427189592875339,0.13997472181011691,0.3741319577503597,0.42718959287533914
102.8,1.4877317572332023,0.08053659343428045,0.2837896993096833,0.4877317572332022
103.2,1.4502604099811502,0.09733301846372043,0.31198240088780715,0.45026040998115013
103.6,1.297375004305744,0.14711268327834898,0.3835527125159578,0.29737500430574393
104.0,1.3968145799144707,0.035263735246119594,0.18778640857665815,0.396814579914471
104.4,1.4235438338732376,0.11044550805903239,0.3323334290423285,0.4235438338732376
104.8,1.2636142499596288,0.07277218503566525,0.26976320178198,0.26361424995962895
105.2,1.4600311638628507,0.11889032664865329,0.34480476598889015,0.46003116386285087
105.6,1.404342383630964,0.12043175982475168,0.34703279358693423,0.40434238363096453
106.0,1.5419419530250902,0.05763527997871578,0.24007348870442938,0.5419419530250905
106.4,1.372993619593898,0.1180765104140813,0.34362262791335685,0.37299361959389793
106.8,1.3690318988688588,0.0740279732356993,0.2720808211464,0.3690318988688589
107.2,1.37994876347363,0.11109722555822933,0.33331250435324106,0.37994876347363027
107.6,1.3951729306912735,0.16630851630462246,0.4078094117411005,0.39517293069127357
108.0,1.3875519124048272,0.10377758294085783,0.3221452823507708,0.3875519124048272
108.4,1.372514788767877,0.10400163345709623,0.32249284248971516,0.3725147887678769
108.8,1.3285487978266914,0.1396571082865609,0.37370724944341244,0.3285487978266912
109.2,1.3003634741009045,0.0813081189256849,0.28514578539000873,0.3003634741009045
109.6,1.4279596000341652,0.09055175625699392,0.30091818864434555,0.42795960003416517
110.0,1.430414518215508,0.12377109454326417,0.35181116318738975,0.43041451821550786
110.4,1.3442552736225577,0.15570082546603747,0.39458943912126876,0.34425527362255776
110.8,1.3751953295692714,0.11978251876092584,0.3460961120280403,0.3751953295692713
111.2,1.453151482986292,0.14965793528970836,0.38685647892947117,0.45315148298629193
111.6,1.3716257637592277,0.09434385834854213,0.30715445357106924,0.3716257637592279
112.0,1.3967679063986693,0.2754945014135017,0.5248757009173711,0.39676790639866943
112.4,1.4652873761160827,0.14217618949161503,0.3770625803386157,0.46528737611608284
112.8,1.4575091058923628,0.15433375342927783,0.39285334850205594,0.4575091058923627
113.2,1.3746212368976953,0.09236048891669782,0.3039086851616745,0.37462123689769516
113.6,1.4151709859734614,0.2311904828758299,0.4808227146005375,0.4151709859734617
114.0,1.4243170194073673,0.20449872592531126,0.4522153534825098,0.4243170194073674
114.4,1.398377827929818,0.039073231906269705,0.19766950170997474,0.3983778279298181
114.8,1.2469944377769342,0.16578655881744092,0.40716895610721715,0.24699443777693406
115.2,1.519836254312683,0.08611417118014397,0.2934521616552585,0.5198362543126833
115.6,1.3758860707947818,0.09391057441409374,0.30644832258325994,0.3758860707947819
116.0,1.371984364995738,0.10107485736337148,0.3179227223137275,0.37198436499573795
116.4,1.3516074770829312,0.14716849930854972,0.38362546749212273,0.35160747708293116
116.8,1.5172842653282206,0.11110768162599415,0.3333281890659627,0.5172842653282208
117.2,1.3508795386803776,0.04909715401253409,0.2215787760877248,0.3508795386803779
117.6,1.4711556558467636,0.07292992667573467,0.2700554140833593,0.47115565584676344
118.0,1.4137339391126034,0.20642792987800077,0.4543434052322106,0.41373393911260303
118.4,1.426106967878275,0.08927861241478445,0.29879526839423753,0.4261069678782749
118.8,1.3830560760071626,0.1282754813227072,0.3581556663277955,0.38305607600716224
119.2,1.4294786661233954,0.07988374426588042,0.282637124712732,0.429478666123395
119.6,1.3279463686941964,0.05683066065464792,0.23839182170252385,0.32794636869419613
120.0,1.3475012836777887,0.0684094283941246,0.26155196117430396,0.3475012836777886
120.4,1.3178461049326633,0.13011634082111745,0.36071642715728575,0.3178461049326635
120.8,1.4897378619171768,0.07944764371279768,0.28186458399876646,0.4897378619171769
121.2,1.38236979925194,0.11169559111376037,0.33420890340288717,0.38236979925194037
121.6,1.4800545029582268,0.05631900222201251,0.23731624938468185,0.4800545029582267
122.0,1.3347086863186293,0.07507199061284923,0.2739926835024053,0.3347086863186296
122.4,1.4735648237024943,0.07916902457900582,0.2813699070245534,0.473564823702494
122.8,1.3670584297967585,0.07664657317089903,0.276851175130067,0.3670584297967586
123.2,1.4441291141517945,0.10548650342344922,0.3247868584525076,0.44412911415179435
123.6,1.2660236082968905,0.16873000214115222,0.410767576789055,0.2660236082968903
124.0,1.4012237251402886,0.10713863661997342,0.3273203883353028,0.4012237251402884
124.4,1.486640314162209,0.04542058128142713,0.2131210484241928,0.486640314162209
124.8,1.3627978167180272,0.11346410639916556,0.33684433556045673,0.36279781671802686
125.2,1.4022503441796943,0.025876094816516718,0.16086048245767734,0.4022503441796945
125.6,1.4552889367048218,0.0977316907077262,0.31262068182979547,0.45528893670482196
126.0,1.395636161105883,0.07746773149326797,0.2783302561585211,0.39563616110588296
126.4,1.275950071296029,0.11798650027353703,0.3434916305727652,0.2759500712960291
126.8,1.3981779918659951,0.06008970351318279,0.24513201242021163,0.39817799186599523
127.2,1.2870390202835467,0.08986316239544409,0.2997718505721378,0.287039020283547
127.6,1.2966492727877843,0.06180252667610498,0.24860113973211181,0.29664927278778425
128.0,1.4503793648254606,0.06512201661460033,0.25519015775417425,0.4503793648254605
128.4,1.4479287495023783,0.10434827002602982,0.3230298283843612,0.4479287495023784
128.8,1.3661676126278015,0.09288955320444582,0.3047778751885475,0.3661676126278013
129.2,1.470022746665744,0.11322986923813107,0.3364964624451958,0.47002274666574434
129.6,1.4983221306437229,0.09213528103220443,0.30353794002102014,0.4983221306437229
130.0,1.3569981838112313,0.10418058987337972,0.3227701812023219,0.3569981838112312
130.4,1.3766371310807712,0.08508174700595854,0.291687756009673,0.37663713108077135
130.8,1.3053331630805385,0.06083829502642638,0.246654201315174,0.3053331630805385
131.2,1.4734384965823597,0.06858248277598906,0.26188257440308826,0.4734384965823598
131.6,1.3755133715210963,0.1451793331882332,0.38102405854254556,0.3755133715210963
132.0,1.3353004271824345,0.16111447732172737,0.40139067916647914,0.3353004271824344
132.4,1.2836697547034188,0.10117912008899853,0.3180866549998577,0.28366975470341893
132.8,1.5052112896136265,0.1448702287006888,0.38061821908664434,0.5052112896136265
133.2,1.4560596114959323,0.13519414137316196,0.36768755944845616,0.45605961149593244
133.6,1.2918018119516317,0.1271441884852548,0.3565728375595298,0.2918018119516318
134.0,1.2770884775435714,0.10732409819748112,0.3276035686580369,0.27708847754357135
134.4,1.4481928690411858,0.14164160885286714,0.3763530375231043,0.4481928690411864
134.8,1.619482935203698,0.15576501826057304,0.39467077198669404,0.6194829352036979
135.2,1.4936257258397605,0.055951104377905084,0.23653985790539633,0.49362572583976017
135.6,1.480176621923818,0.09976762491674802,0.31586013505465993,0.4801766219238181
136.0,1.3702610143065144,0.17087413114593616,0.41336924310588974,0.37026101430651454
136.4,1.447745406811186,0.16326228696178607,0.4040572817829003,0.4477454068111859
136.8,1.2310119599739522,0.09441547507207664,0.30727101241750193,0.23101195997395232
137.2,1.3755308230847265,0.11381634114112175,0.3373667753960395,0.3755308230847265
137.6,1.4913068892836818,0.09335927078114441,0.3055474934951102,0.49130688928368216
138.0,1.3238605959334793,0.09869269124050803,0.3141539292138617,0.32386059593347927
138.4,1.4398584289619227,0.14918400366525753,0.3862434512910964,0.4398584289619227
138.8,1.2620917345181897,0.18403284835853487,0.42899049914716625,0.26209173451818957
139.2,1.281095040946543,0.08847388084863934,0.29744559308996216,0.28109504094654275
139.6,1.560376165281205,0.09778453430019841,0.3127051875172499,0.5603761652812047
140.0,1.4182122157600747,0.08126232713431103,0.28506547867869064,0.4182122157600746
140.4,1.3760857262869897,0.05727297907272068,0.23931773664465547,0.37608572628698966
140.8,1.371715079923907,0.06485463805084839,0.2546657378817347,0.3717150799239072
141.2,1.4581174631767164,0.09916132213622855,0.3148989078041214,0.4581174631767162
141.6,1.2759265658115142,0.07818010829662402,0.27960706052713336,0.275926565811514
142.0,1.465952233893588,0.06583569444497242,0.25658467305155314,0.4659522338935883
142.4,1.3281449775672083,0.22086757989181302,0.4699655092576614,0.3281449775672083
142.8,1.4241469657253139,0.09188856395213492,0.3031312652171249,0.424146965725314
143.2,1.5130564093917325,0.06123021966157851,0.24744740786999267,0.5130564093917325
143.6,1.371681608101257,0.06561970597540814,0.25616343606262026,0.37168160810125705
144.0,1.3301592771644137,0.15149003874775172,0.3892172128102144,0.3301592771644142
144.4,1.447397544509606,0.061407693602869184,0.24780575780814534,0.4473975445096059
144.8,1.5725868918725896,0.05147362433478456,0.22687799438196857,0.5725868918725897
145.2,1.3647388179226885,0.07091255231634223,0.26629410867749637,0.36473881792268864
145.6,1.3549309360306716,0.09172900202134936,0.30286796136493105,0.3549309360306714
146.0,1.4019192426479434,0.0447693838536652,0.2115877686768902,0.40191924264794343
146.4,1.3210353328196887,0.11596001946868499,0.34052902881940184,0.32103533281968843
146.8,1.4182892253228254,0.07743528992350457,0.27827197114245006,0.4182892253228256
147.2,1.32584282967963,0.06272288545059536,0.2504453741848616,0.3258428296796298
147.6,1.445944626745671,0.10237341496940841,0.31995845819326046,0.44594462674567126
148.0,1.4839559583384636,0.05163240152258242,0.22722764251424699,0.48395595833846344
148.4,1.2937255158963064,0.04899118861143872,0.2213395324189484,0.29372551589630647
148.8,1.3965761197041382,0.044416659399843045,0.21075260235603982,0.39657611970413786
149.2,1.3838320581341408,0.10279844726866712,0.32062196941049925,0.3838320581341407
149.6,1.257513490113459,0.1384403622883457,0.3720757480518526,0.2575134901134589
150.0,1.3959007363922633,0.10865236414535133,0.3296245806146006,0.3959007363922632
150.4,1.3904257243870266,0.09518560912475788,0.3085216509821602,0.3904257243870264
150.8,1.2940147936045159,0.1330158628537827,0.3647133982372771,0.294014793604516
151.2,1.4268738248759232,0.10668943571374476,0.326633488353146,0.42687382487592285
151.6,1.4230883380615607,0.1436861254863338,0.3790595276290174,0.42308833806156054
152.0,1.362923631851134,0.06042059472315165,0.24580601034789945,0.3629236318511342
152.4,1.5056720828648928,0.06965424508556367,0.26392090687469927,0.5056720828648927
152.8,1.4991930790246593,0.1007811579153763,0.3174604824468335,0.49919307902465915
153.2,1.3825930016438077,0.10410689265479235,0.3226559973947367,0.38259300164380766
153.6,1.4261107062128437,0.11140068360905189,0.3337674094471356,0.42611070621284375
154.0,1.3641018872648858,0.11198617937544085,0.3346433614692526,0.3641018872648859
154.4,1.3941330671594918,0.12127747927622295,0.3482491626353507,0.3941330671594919
154.8,1.4221023666022434,0.09972108694400532,0.31578645782237924,0.4221023666022437
155.2,1.4682026432193445,0.10365770873412511,0.32195917246465444,0.46820264321934424
155.6,1.3281159986822557,0.17644825743575712,0.4200574453997419,0.32811599868225555
156.0,1.3075078083126797,0.09133258384213182,0.30221281217402385,0.3075078083126797
156.4,1.4297711338969685,0.15125499105632853,0.3889151463447117,0.42977113389696847
156.8,1.430866034873921,0.1072790629213796,0.3275348270358125,0.43086603487392133
157.2,1.4846251943432631,0.05427824063745046,0.23297691009507887,0.4846251943432631
157.6,1.4867629567054306,0.07133889460248198,0.2670934192421857,0.48676295670543046
158.0,1.4140290598783842,0.13284700176438702,0.36448182638423415,0.4140290598783841
158.4,1.4925270032878242,0.06849609877384201,0.2617175935504566,0.49252700328782445
158.8,1.4257533893870522,0.08634785400318308,0.29385005360418615,0.42575338938705204
159.2,1.3109197617366548,0.08649784345096355,0.29410515713085267,0.31091976173665475
159.6,1.3346778328544031,0.09292471213009997,0.30483554932143325,0.33467783285440306
160.0,1.368979596458287,0.09452214958220251,0.30744454716615566,0.3689795964582868
160.4,1.379317385250088,0.0727395435628098,0.26970269476371533,0.3793173852500882
160.8,1.257022778027224,0.0797629367414571,0.2824233289610777,0.2570227780272239
161.2,1.2602803247589525,0.08464629488486883,0.29094036310706156,0.2602803247589528
161.6,1.2824320268722904,0.04934874007569678,0.2221457631279444,0.2824320268722905
162.0,1.4592494717152993,0.08303357059799785,0.28815546255102964,0.45924947171529934
162.4,1.3148654325356617,0.07355297611248647,0.27120651930307,0.3148654325356618
162.8,1.4245565338886408,0.12596825082282692,0.3549200625814592,0.4245565338886409
163.2,1.4593251978694082,0.11729053056640833,0.3424770511529325,0.4593251978694083
163.6,1.5628553304545236,0.09115493247745227,0.30191875145053887,0.5628553304545239
164.0,1.3483382342196175,0.043956443254895665,0.20965791960929037,0.3483382342196178
164.4,1.3920714536631666,0.16087037324093006,0.4010864909728699,0.39207145366316704
164.8,1.5354548473092149,0.12302945141538812,0.35075554367021505,0.5354548473092151
165.2,1.4198208501421383,0.05798532856557462,0.24080142974154994,0.419820850142138
165.6,1.30563221798568,0.1427222615853847,0.37778599972125054,0.30563221798568013
166.0,1.4158224842102412,0.1317685674628045,0.36299940421825005,0.4158224842102409
166.4,1.393347643626309,0.13318724622687775,0.36494827883808106,0.3933476436263089
166.8,1.490379691698242,0.07715184698174378,0.2777622130199567,0.490379691698242
167.2,1.3827016571281336,0.09908915674376884,0.31478430193351264,0.3827016571281339
167.6,1.3604973723949514,0.07419714791581354,0.2723915342219973,0.36049737239495105
168.0,1.4963732529316063,0.13381802078580063,0.3658114552413588,0.49637325293160667
168.4,1.2837562574758938,0.1092428528472795,0.3305190657848341,0.28375625747589395
168.8,1.2804380175751218,0.10591577148999089,0.32544703330955543,0.2804380175751218
169.2,1.4313845609664166,0.06593958461582451,0.2567870413705188,0.4313845609664166
169.6,1.3076925469224383,0.11466649534316657,0.3386244163423048,0.3076925469224384
170.0,1.3842409178378223,0.06947420721899451,0.26357960319227003,0.3842409178378224
170.4,1.3662473658927816,0.11950387885359955,0.34569333064668684,0.36624736589278156
170.8,1.5679564511754973,0.21777410931226204,0.46666273615134735,0.5679564511754973
171.2,1.3762913558821428,0.08877347897588524,0.2979487858271707,0.37629135588214246
171.6,1.5274024348459005,0.10973703649147669,0.33126580942119077,0.5274024348459004
172.0,1.2896111708373725,0.10013992726370792,0.31644893310565597,0.2896111708373725
172.4,1.4933142433934292,0.1580450972129327,0.39754886141571666,0.4933142433934291
172.8,1.4466190069319458,0.07782928498294776,0.2789790045558048,0.4466190069319456
173.2,1.3530961301560216,0.0799657933919449,0.2827822366980375,0.3530961301560216
173.6,1.4294452883978725,0.052433273206068436,0.22898312864940168,0.4294452883978724
174.0,1.41263544021472,0.07148279503694223,0.2673626657499925,0.41263544021472
174.4,1.327746279921025,0.07112457314523368,0.2666919067861522,0.327746279921025
174.8,1.2088379984649198,0.10782201322708422,0.32836262458916393,0.20883799846491985
175.2,1.313316120536382,0.16243306617411357,0.4030298576707606,0.31331612053638197
175.6,1.4342024511543163,0.08339022931567451,0.28877366451197467,0.4342024511543162
176.0,1.3706161139073092,0.08668760408009968,0.2944275871587098,0.3706161139073091
176.4,1.4299871154131079,0.08046061045551237,0.28365579573756705,0.4299871154131078
176.8,1.406124654410385,0.1499048196524263,0.38717543782170155,0.40612465441038487
177.2,1.47130584091523,0.1293283597332849,0.3596225239515524,0.47130584091522953
177.6,1.2854086417272608,0.21283811053291948,0.4613438094663453,0.2854086417272611
178.0,1.385077760569633,0.049643336948144184,0.2228078475910222,0.38507776056963305
178.4,1.4230360248583476,0.18981309003685468,0.4356754411679119,0.42303602485834774
178.8,1.4308195255667735,0.07961436101880592,0.2821601690862938,0.4308195255667736
179.2,1.3940922910399463,0.11229147436407423,0.33509920078101385,0.3940922910399462
179.6,1.5760453875553837,0.13027658311712184,0.36093847552889374,0.5760453875553834
180.0,1.3835146054855463,0.1664109377307959,0.4079349675264379,0.38351460548554617
180.4,1.3328479478717834,0.035741239331553716,0.1890535356229915,0.33284794787178323
180.8,1.4694945270045368,0.09436968028339707,0.30719648481614675,0.4694945270045371
181.2,1.5028839800974387,0.0893727216310425,0.29895270801757673,0.502883980097439
181.6,1.3174629509192166,0.08984816746802035,0.29974683896251575,0.3174629509192169
182.0,1.383033614144815,0.10261440385757983,0.3203348308529371,0.38303361414481496
182.4,1.3936874511959891,0.13085337940757968,0.3617366160724951,0.39368745119598914
182.8,1.2316048578568783,0.19503640371506983,0.4416292604833491,0.2316048578568785
183.2,1.3040803041299636,0.08083361417345074,0.28431252904761467,0.3040803041299635
183.6,1.4516620938539107,0.0674113820615147,0.25963701982096987,0.4516620938539108
184.0,1.4434098989356117,0.11857186146888439,0.3443426512485556,0.4434098989356118
184.4,1.4371144827767937,0.08241659600439179,0.2870829078931586,0.43711448277679377
184.8,1.4090850609616292,0.16491482913896421,0.4060970686165614,0.4090850609616289
185.2,1.455986965478529,0.11295871219082461,0.3360933087563997,0.4559869654785288
185.6,1.434691185306705,0.09405623578580136,0.3066858910771758,0.43469118530670503
186.0,1.346874435172398,0.092927102497892,0.304839470045944,0.3468744351723981
186.4,1.3325223880271548,0.12482017981240885,0.35329899492131145,0.33252238802715467
186.8,1.4953009286179915,0.16917954893827095,0.4113144161566319,0.4953009286179917
187.2,1.398949698940746,0.0789851085446346,0.28104289449234365,0.39894969894074606
187.6,1.3468366889237955,0.08434773027824605,0.29042680709301966,0.34683668892379543
188.0,1.4388090386057866,0.06322083350359134,0.25143753399918506,0.43880903860578674
188.4,1.3691439134127354,0.07246412978546314,0.2691916227995647,0.3691439134127357
188.8,1.4144981124153861,0.08965761113016119,0.29942880811665595,0.4144981124153858
189.2,1.3966856035680553,0.05769951764425052,0.2402072389505581,0.39668560356805543
189.6,1.4882818285656783,0.06070526848994201,0.24638439173361207,0.48828182856567837
190.0,1.4454076338582247,0.08688187072804548,0.29475730818428486,0.44540763385822446
190.4,1.3489632077304017,0.08361961665312767,0.28917056671301744,0.34896320773040157
190.8,1.43712876404672,0.04268641774929169,0.20660691602483128,0.4371287640467202
191.2,1.2875318168854872,0.05030969920699052,0.22429823719100095,0.28753181688548696
191.6,1.2552576996732288,0.09029217618981268,0.3004865657393233,0.255257699673229
192.0,1.3638119104707105,0.09632052104624407,0.3103554752960612,0.3638119104707107
192.4,1.4138611176034317,0.10031634568820937,0.31672755751309256,0.4138611176034317
192.8,1.4286762641160968,0.08134246389081028,0.28520600255045525,0.4286762641160967
193.2,1.2503906375336808,0.08349903313134946,0.28896199253768556,0.2503906375336805
193.6,1.2869928858155093,0.16551904598244038,0.4068403200058229,0.28699288581550914
194.0,1.528535275938744,0.10804987638201954,0.32870941024257205,0.528535275938744
194.4,1.4771781641462933,0.11933473108735888,0.345448593986658,0.47717816414629344
194.8,1.5434183366760315,0.0818853167028294,0.28615610547886167,0.5434183366760316
195.2,1.4977778665446233,0.13885955880649647,0.3726386437374638,0.4977778665446232
195.6,1.3830029426224466,0.055698836962542714,0.23600601043732491,0.38300294262244633
196.0,1.4396979797069003,0.0637579397138579,0.25250334594586643,0.43969797970690055
196.4,1.2572779471215245,0.0933912178902115,0.3055997674904408,0.2572779471215244
196.8,1.497151226316033,0.11129510689494285,0.33360921284482364,0.4971512263160326
197.2,1.3741340047592683,0.044367236106456175,0.21063531543038116,0.3741340047592681
197.6,1.2873763326109466,0.05560555739200844,0.23580830645252604,0.28737633261094647
198.0,1.3555711698343258,0.08993967148802114,0.2998994356247126,0.355571169834326
198.4,1.4434955802225793,0.07486736742343485,0.2736190187531467,0.44349558022257946
198.8,1.4442134968174214,0.04976280003874824,0.22307577196716868,0.44421349681742156
199.2,1.4048741910475464,0.07376788435978647,0.2716024380593563,0.40487419104754635
199.6,1.3534467319566088,0.06580931982615264,0.25653327235692575,0.3534467319566089
200.0,1.4071532513568874,0.03752235950330583,0.1937068906965001,0.40715325135688757
200.4,1.3656453072089505,0.09018983791372566,0.30031622985400847,0.36564530720895033
200.8,1.4808361847100995,0.03962914123183305,0.19907069405573752,0.48083618471009937
201.2,1.378835431159001,0.05785142501202507,0.24052323175116594,0.37883543115900065
201.6,1.3721268172162104,0.059624332705196695,0.24418094255120873,0.3721268172162107
202.0,1.3673264749679905,0.07531087143481492,0.2744282628207505,0.3673264749679901
202.4,1.2697560658965936,0.10818627079747821,0.3289168144037003,0.2697560658965936
202.8,1.3528984294286226,0.06953017358468294,0.26368574778452275,0.35289842942862243
203.2,1.3962169916549363,0.13125753676264498,0.36229482022607634,0.3962169916549364
203.6,1.521264204262954,0.0829102313569567,0.28794136791533914,0.5212642042629538
204.0,1.454572006056099,0.0638926194449257,0.2527698942614126,0.45457200605609877
204.4,1.4334458085070938,0.05520496528533795,0.2349573690807291,0.43344580850709385
204.8,1.4898109906038393,0.051361482564176816,0.22663071849194852,0.4898109906038396
205.2,1.3884149310577605,0.11520685756577481,0.3394213569676705,0.3884149310577604
205.6,1.3709954877563937,0.08665907251680176,0.294379130572807,0.37099548775639357
206.0,1.2181453824829136,0.05626792487869926,0.23720861046492234,0.21814538248291354
206.4,1.3411281911828952,0.12148185775947774,0.3485424762629051,0.3411281911828953
206.8,1.4645245363182005,0.07686661889808344,0.27724829827806596,0.46452453631820034
207.2,1.4826928600305855,0.10747740690669821,0.3278374702603383,0.48269286003058565
207.6,1.3435977120221658,0.17297111822769323,0.41589796612593966,0.3435977120221657
208.0,1.3252319936717596,0.07136551930916078,0.26714325615512136,0.32523199367175953
208.4,1.3623472007862931,0.04539317762010781,0.21305674741746108,0.362347200786293
208.8,1.3675867425662358,0.1075126364746329,0.3278911960919855,0.3675867425662357
209.2,1.4682912980406968,0.12347023182367699,0.35138331181727595,0.46829129804069697
209.6,1.454645624082443,0.06671486004019794,0.25829219895342936,0.45464562408244297
210.0,1.4089812837972988,0.07044974588589362,0.26542371010498217,0.4089812837972987
210.4,1.3061497194489815,0.06320396421254575,0.2514039860713146,0.3061497194489814
210.8,1.3857261114330928,0.18014542181031346,0.42443541535823026,0.38572611143309293
211.2,1.4976293207813511,0.14430812399876577,0.3798790912892756,0.49762932078135114
211.6,1.5400942858186712,0.060449686744680035,0.24586518001677268,0.5400942858186715
212.0,1.3500854951066974,0.05832666988785802,0.24150915073317206,0.35008549510669745
212.4,1.302081599697105,0.1216647545026257,0.3488047512615413,0.30208159969710463
212.8,1.437482816647168,0.05435191317792112,0.2331349677288268,0.4374828166471679
213.2,1.4226877367378918,0.0989910146865821,0.31462837552671896,0.4226877367378917
213.6,1.2906244468999493,0.08866440528656074,0.2977656885649533,0.29062444689994915
214.0,1.3245745094931434,0.14762165207778646,0.3842156322662919,0.32457450949314326
214.4,1.4854387246019671,0.09970135666963427,0.31575521637755133,0.48543872460196724
214.8,1.4222080054556583,0.1199507249164215,0.34633903175417796,0.42220800545565834
215.2,1.407136843632066,0.15984385857444505,0.3998047755773373,0.40713684363206604
215.6,1.5071160437458169,0.09478739641764393,0.3078756184202379,0.5071160437458169
216.0,1.3307350338017319,0.08606025601806,0.293360283641225,0.3307350338017319
216.4,1.3987391844808257,0.08201742948622108,0.28638685285156,0.39873918448082557
216.8,1.4320811534340911,0.09964377602751306,0.3156640239677513,0.43208115343409126
217.2,1.407103358714145,0.049508317483173435,0.2225046459810973,0.4071033587141447
217.6,1.3724447499264856,0.11581359857516915,0.34031397058476626,0.37244474992648574
218.0,1.3989632412488189,0.03853301663232066,0.19629828484304354,0.39896324124881893
218.4,1.4201494199385176,0.09458080570593647,0.30753992538520336,0.4201494199385179
218.8,1.4226302733377054,0.08799388950402154,0.29663764006616145,0.4226302733377052
219.2,1.1413603988613001,0.06798853935699768,0.2607461205022956,0.14136039886129995
219.6,1.381112855511397,0.09119545740506729,0.30198585629970703,0.3811128555113973
220.0,1.438634472381941,0.12411858566378592,0.3523046773231742,0.4386344723819409
220.4,1.3582659534461496,0.10014812921220509,0.31646189219589316,0.3582659534461495
220.8,1.2801529373584795,0.14023888852963443,0.3744848308404954,0.28015293735847946
221.2,1.5419520630235803,0.09409400025471512,0.3067474535423483,0.5419520630235805
221.6,1.4741424451593572,0.2276428667200204,0.47711934221955454,0.4741424451593573
222.0,1.4647690186777815,0.16567113106954767,0.4070271871380924,0.46476901867778153
222.4,1.34263785854196,0.15347520897703648,0.39175912111530536,0.34263785854195994
222.8,1.46297459393818,0.12490148750930766,0.35341404543298455,0.4629745939381801
223.2,1.2687663639908193,0.0252485697912904,0.15889798548531192,0.2687663639908194
223.6,1.3639804290356035,0.07560882376523995,0.2749705870911286,0.36398042903560357
224.0,1.4380914001425225,0.10641593845012402,0.32621455891809004,0.43809140014252235
224.4,1.4580769462032996,0.08513970915302375,0.2917870955903015,0.45807694620329953
224.8,1.4582076044758203,0.15828104857775135,0.3978455084297815,0.45820760447582015
225.2,1.4942768647329423,0.040665001093033316,0.20165564979199893,0.4942768647329422
225.6,1.3062474614921462,0.09154599408773703,0.30256568557544167,0.30624746149214593
226.0,1.4057944862506215,0.0910653943899933,0.301770433260108,0.40579448625062176
226.4,1.4686287933129647,0.045875277016362785,0.21418514658202326,0.4686287933129646
226.8,1.3172323382718893,0.11332667918026788,0.3366402815770387,0.3172323382718896
227.2,1.3439517999842732,0.06263073003774623,0.2502613234955538,0.34395179998427344
227.6,1.3811992571692087,0.10103850167618726,0.31786554024648106,0.38119925716920877
228.0,1.4972939838808206,0.09520695603948869,0.3085562445316715,0.4972939838808205
228.4,1.420134190652506,0.08324801193735792,0.28852731575599205,0.42013419065250607
228.8,1.4012696102816125,0.04962482488217627,0.2227663010470306,0.40126961028161234
229.2,1.4582539925401266,0.05237865655351326,0.22886383845752753,0.458253992540126
229.6,1.4373998059562694,0.05204040641243462,0.22812366473567494,0.43739980595626926
230.0,1.2484328902467743,0.0502041602378678,0.22406284885689506,0.2484328902467745
230.4,1.3352204997095969,0.07359153927504039,0.2712776055538687,0.3352204997095968
230.8,1.3914683659000704,0.0669080309857184,0.258665867453977,0.39146836590007056
231.2,1.4302336501703006,0.08476648497118283,0.2911468443435079,0.4302336501703
231.6,1.373988454012719,0.047495923305653304,0.21793559439810034,0.3739884540127191
232.0,1.270982601923982,0.0819377409586985,0.2862476916216068,0.27098260192398205
232.4,1.3293293317110761,0.0761279798329675,0.275912993229691,0.32932933171107615
232.8,1.2922973406053884,0.09049079429414197,0.30081687833986637,0.2922973406053885
233.2,1.4170680847873283,0.03590092715561046,0.18947539986924547,0.4170680847873286
233.6,1.4805096046573893,0.12895610492432877,0.3591045877238674,0.48050960465738923
234.0,1.395600835598632,0.15400648070651035,0.3924365945047816,0.3956008355986321
234.4,1.4900948958680298,0.04932290213808732,0.2220876001448242,0.49009489586802985
234.8,1.442631536682915,0.10682718840672176,0.3268442877070391,0.4426315366829151
235.2,1.4066225717825644,0.18561701888328305,0.4308329361635239,0.40662257178256417
235.6,1.4331137862270624,0.080374283102594,0.2835035856961848,0.43311378622706204
236.0,1.3815649956620248,0.09701111017610373,0.31146606585004366,0.38156499566202473
236.4,1.4710929885278605,0.08242173857151096,0.28709186434225364,0.47109298852786025
236.8,1.4571675038567582,0.05755888103074245,0.23991432018690015,0.45716750385675836
237.2,1.4958383548781438,0.07904866195279116,0.2811559388538523,0.49583835487814365
237.6,1.4201971434057385,0.1203830284145886,0.34696257494806065,0.42019714340573877
238.0,1.3419646366586018,0.1003779125273649,0.3168247347152127,0.3419646366586019
238.4,1.4777026501249129,0.048822106088593886,0.22095724945924242,0.4777026501249127
238.8,1.260987569002193,0.04906408492009431,0.2215041419930885,0.2609875690021928
239.2,1.351908392043645,0.09613538950949145,0.3100570745999701,0.351908392043645
239.6,1.3119604610677071,0.03846333974908572,0.1961207274845923,0.3119604610677074
240.0,1.4407237247680926,0.06071939897834605,0.24641306576224006,0.4407237247680925
240.4,1.2922574788430397,0.07448173377620643,0.2729134180948354,0.29225747884303954
240.8,1.3221716378248207,0.07647585398938472,0.2765426802310716,0.3221716378248206
241.2,1.401949564932665,0.07928982727719087,0.28158449402833047,0.4019495649326649
241.6,1.5153017194624971,0.049503169508934804,0.22249307744047858,0.5153017194624975
242.0,1.3631764810790612,0.07286918621243305,0.26994293139927383,0.3631764810790612
242.4,1.4208382150242884,0.06470505908738611,0.25437189130756194,0.42083821502428814
242.8,1.4207445220332997,0.06425466527296526,0.25348503954467466,0.4207445220332996
243.2,1.4765634578582345,0.07417017619319403,0.27234202061597845,0.4765634578582347
243.6,1.4594355371447902,0.1079716579855351,0.32859041067191097,0.45943553714479
244.0,1.376724607872292,0.0762232184664715,0.2760855274484186,0.37672460787229217
244.4,1.3785897982154103,0.05476883171027708,0.2340274165782229,0.37858979821541017
244.8,1.356057721278499,0.09638129376834233,0.3104533681059723,0.35605772127849916
245.2,1.276626671029844,0.11377027475508524,0.337298495038275,0.27662667102984395
245.6,1.3334957550035857,0.08949550276542881,0.2991579896399707,0.33349575500358564
246.0,1.3900972725299758,0.11546506626947933,0.3398015101047659,0.39009727252997567
246.4,1.439250348560038,0.05557233908528939,0.23573786095001667,0.43925034856003836
246.8,1.3241791739912983,0.15846767733023073,0.39807998860810717,0.3241791739912986
247.2,1.4307687296611593,0.0684273872645218,0.2615862902839554,0.4307687296611592
247.6,1.41925136807297,0.09199412099715612,0.3033053263580383,0.4192513680729698
248.0,1.4378585743351093,0.09815626910287481,0.31329900909973335,0.43785857433510955
248.4,1.4510799631900215,0.075593728125689,0.27494313616762467,0.45107996319002164
248.8,1.3868469340444542,0.0634876841846022,0.25196762527079186,0.38684693404445436
249.2,1.4613719088534396,0.0885495435750823,0.2975727534151645,0.4613719088534395
249.6,1.424536419256854,0.11985067893418722,0.3461945680310239,0.42453641925685404
250.0,1.3608469005933617,0.12699079365629076,0.35635767657830913,0.36084690059336166
250.4,1.3274014753625092,0.09078124795789462,0.30129926644101646,0.32740147536250896
250.8,1.4045420592182294,0.04463697723760501,0.21127464882849767,0.4045420592182296
251.2,1.394680118955881,0.08174245723050866,0.2859063784362088,0.39468011895588095
251.6,1.5813274443338898,0.07712720943714789,0.2777178594133764,0.5813274443338895
252.0,1.3656528297535864,0.03605109181545181,0.18987125062908236,0.3656528297535864
252.4,1.3969378619442125,0.09002449381981274,0.30004082025586576,0.3969378619442129
252.8,1.3473010922864317,0.07689086735034982,0.27729202539984776,0.34730109228643136
253.2,1.3304721276073583,0.08883266311247275,0.2980480885905373,0.33047212760735833
253.6,1.3962722962159484,0.07094571748642926,0.2663563730914454,0.3962722962159483
254.0,1.4272438045620024,0.06882124311141204,0.262338032148242,0.42724380456200245
254.4,1.3354054317119564,0.10552833922779677,0.32485125708206325,0.33540543171195625
254.8,1.4033358903140143,0.07215905824471915,0.26862438132961636,0.4033358903140142
255.2,1.3528028800355512,0.1018940865959398,0.3192085315212296,0.3528028800355514
255.6,1.4657266948323435,0.10634167190075057,0.3261007082187197,0.4657266948323436
256.0,1.3359182361511341,0.08731598944887074,0.29549279085769714,0.3359182361511343
256.4,1.3381684974703985,0.12768306976733762,0.35732767842323326,0.33816849747039857
256.8,1.477024593118922,0.09787709642898951,0.3128531547371538,0.47702459311892226
257.2,1.413419571392085,0.11137346935247666,0.3337266386617596,0.41341957139208485
257.6,1.4808887748464605,0.09981345490978805,0.3159326746472863,0.4808887748464607
258.0,1.4166068765323125,0.09367316505230747,0.3060607211850411,0.41660687653231243
258.4,1.318963245566289,0.09438519434148976,0.3072217348129682,0.3189632455662892
258.8,1.528162303216495,0.12495772543226782,0.3534936002705959,0.5281623032164952
259.2,1.3483015709170199,0.05414611522600582,0.23269317829709968,0.3483015709170196
259.6,1.3343632392335487,0.06690688564441873,0.2586636535047372,0.3343632392335488
260.0,1.3259413681655832,0.10901718884349502,0.3301775111110613,0.3259413681655831
260.4,1.4248478975991432,0.08407473588162875,0.28995643790340087,0.42484789759914293
260.8,1.3367032906519536,0.07368897585317429,0.2714571344672567,0.336703290651954
261.2,1.3694446517716368,0.06305129473158355,0.2511001687207389,0.36944465177163666
261.6,1.3433141778192241,0.08002954049923268,0.28289492837311997,0.3433141778192243
262.0,1.424364500331723,0.09535641248718502,0.308798336276582,0.4243645003317229
262.4,1.4005380669861778,0.10973252148039772,0.33125899456527624,0.4005380669861777
262.8,1.319506802943806,0.06950387705706021,0.26363587968457597,0.31950680294380585
263.2,1.3569885545403884,0.14349453856468272,0.378806729830243,0.3569885545403886
263.6,1.339854926431731,0.13405618836021121,0.36613684376228955,0.33985492643173093
264.0,1.3887662667687728,0.1108508027419589,0.3329426418198169,0.3887662667687729
264.4,1.5618476863960427,0.22830619099018043,0.47781397111237806,0.5618476863960424
264.8,1.6400507207142585,0.07697593110674267,0.27744536598534614,0.6400507207142586
265.2,1.5573346949765734,0.13072807569842917,0.3615633771532028,0.5573346949765734
265.6,1.3877964894372954,0.09646154227297653,0.31058258526996735,0.38779648943729544
266.0,1.4134474273700501,0.06509806941384072,0.25514323313354936,0.41344742737005025
266.4,1.4493122180832558,0.10004541497830584,0.31629956525152836,0.44931221808325567
266.8,1.368369195207228,0.0636204578205633,0.25223096126479655,0.3683691952072278
267.2,1.3868286745253335,0.038960208760616774,0.19738340548439418,0.38682867452533376
267.6,1.3869777424226801,0.026825205157398696,0.16378401984747687,0.3869777424226801
268.0,1.369456637203858,0.1070347154264451,0.3271616044502244,0.369456637203858
268.4,1.3708870157568165,0.05309648362478723,0.23042674242541214,0.3708870157568162
268.8,1.1279658159957753,0.10122180353402317,0.3181537419770875,0.1279658159957754
269.2,1.3740035921116949,0.08457704986445537,0.290821336673318,0.3740035921116947
269.6,1.262395983372572,0.04794862704827061,0.2189717494296253,0.26239598337257186
270.0,1.2981112104507067,0.05049394532738442,0.2247085786688715,0.29811121045070665
270.4,1.3400009123546508,0.11337630978962995,0.3367139881110227,0.3400009123546509
270.8,1.4123075892907622,0.1637413123617153,0.4046496167818713,0.4123075892907623
271.2,1.4671682719616386,0.052390186852335284,0.22888902737426117,0.4671682719616383
271.6,1.41084572153549,0.13427382325103288,0.36643392753814824,0.41084572153548987
272.0,1.3841126036711147,0.19420089621928044,0.44068230758595295,0.38411260367111444
272.4,1.5564385554327136,0.12951041157112667,0.35987555011576805,0.5564385554327135
272.8,1.5098973566374396,0.10572623117502053,0.3251557029717002,0.5098973566374397
273.2,1.4459082181649994,0.0737769604892471,0.2716191460284917,0.4459082181649993
273.6,1.512349221497106,0.07740943675636221,0.278225514208101,0.5123492214971058
274.0,1.515805255031682,0.08509140787087333,0.29170431582490053,0.5158052550316822
274.4,1.3846755728946447,0.08260113700533475,0.2874041353309565,0.38467557289464505
274.8,1.3958815364224897,0.06961742551878707,0.26385114272784016,0.3958815364224894
275.2,1.3848943848873327,0.06687472356166842,0.2586014763331184,0.38489438488733263
275.6,1.2745269425406134,0.08047621702420212,0.2836833040984297,0.27452694254061377
276.0,1.3651136286463907,0.12183242064921349,0.3490450123540136,0.36511362864639074
276.4,1.336681310740524,0.054113128871611786,0.23262228799410384,0.3366813107405237
276.8,1.2588025000667753,0.09772100632633442,0.3126035929517356,0.25880250006677513
277.2,1.3255253654693953,0.03401531028383341,0.18443240030925534,0.32552536546939514
277.6,1.3081618498343874,0.0882878306419435,0.297132681881249,0.3081618498343875
278.0,1.3997725079822048,0.03545128747628136,0.18828512282249324,0.3997725079822046
278.4,1.378280194419292,0.05962767106811445,0.24418777829390736,0.37828019441929184
278.8,1.4961343926819932,0.044576842978093056,0.21113228786259353,0.49613439268199355
279.2,1.409439873722079,0.16763500065734763,0.40943253492773096,0.4094398737220786
279.6,1.4057394247756707,0.10407220195451614,0.32260223488766493,0.40573942477567043
280.0,1.5045914881253895,0.1238247087988547,0.3518873524280955,0.5045914881253895
280.4,1.4508992111063808,0.08871180912908523,0.297845277164311,0.45089921110638065
280.8,1.3835540614717796,0.10726179175754619,0.327508460589259,0.3835540614717798
281.2,1.4589154097628962,0.08674272439277397,0.2945211781736145,0.45891540976289613
281.6,1.4639162420560916,0.0935266290993623,0.30582123716210796,0.4639162420560914
282.0,1.4184949717984288,0.14148786720828002,0.37614873016970296,0.41849497179842865
282.4,1.4910083100225067,0.050518819183711844,0.22476391877637267,0.49100831002250633
282.8,1.4143950214129226,0.10305627889522236,0.321023798020057,0.41439502141292284
283.2,1.3450733999732234,0.0386542945680836,0.19660695452624152,0.34507339997322334
283.6,1.329156928353831,0.08268963191183241,0.2875580496383859,0.32915692835383104
284.0,1.3542976784998129,0.08087425284821684,0.2843839883822872,0.35429767849981275
284.4,1.3576825503684555,0.0483626531336234,0.2199151043780836,0.35768255036845564
284.8,1.2691631655611206,0.10030697220888614,0.31671275978224517,0.2691631655611207
285.2,1.4175113268048414,0.03432129252016906,0.18526006725727232,0.41751132680484115
285.6,1.4115676680258389,0.06742004551845465,0.2596537030709453,0.411567668025839
286.0,1.3856021365498778,0.06107798003384819,0.24713959624845266,0.3856021365498775
286.4,1.3947164416051856,0.10935443529952006,0.33068782151678955,0.3947164416051857
286.8,1.3521159748843932,0.04674196997388503,0.21619891298035018,0.35211597488439345
287.2,1.3824116093201773,0.045406930833620004,0.2130890209129039,0.38241160932017715
287.6,1.332982013182868,0.09473064595166697,0.3077834400218228,0.332982013182868
288.0,1.4269723776491965,0.13725227836242712,0.3704757459840349,0.4269723776491968
288.4,1.5440593338294264,0.06020184777387039,0.24536064838084853,0.5440593338294264
288.8,1.445871132719099,0.07901646256830092,0.2810986705203369,0.445871132719099
289.2,1.3520178388223303,0.12395838567359294,0.35207724390194967,0.3520178388223301
289.6,1.3187725216668607,0.15424226343442193,0.39273688830363507,0.3187725216668607
290.0,1.425838468642723,0.09456978583015394,0.3075220086923112,0.42583846864272346
290.4,1.5342658380307943,0.04418383671563466,0.21019951644957383,0.5342658380307942
290.8,1.4679145794765247,0.1297661484985009,0.36023068789110807,0.46791457947652476
291.2,1.4005764854051423,0.1091810722571753,0.3304255926183311,0.40057648540514224
291.6,1.367526886149428,0.059737407668680576,0.2444123721677783,0.36752688614942813
292.0,1.4163343504952512,0.06682914103194687,0.25851332853829195,0.4163343504952516
292.4,1.3134307010518826,0.07273024030948194,0.26968544697384383,0.31343070105188275
292.8,1.3158042968372983,0.06145597737808386,0.2479031612910248,0.3158042968372983
293.2,1.4114834477458524,0.05015254737546961,0.22394764427309705,0.4114834477458523
293.6,1.373419189602164,0.06364662091473539,0.2522828193015438,0.373419189602164
294.0,1.4646708871499987,0.07506619805768136,0.2739821126600811,0.4646708871499986
294.4,1.2941033384531535,0.0825361211132612,0.2872910042330967,0.29410333845315345
294.8,1.4410815832450585,0.07577168944611568,0.2752665788760337,0.44108158324505886
295.2,1.3483593160063252,0.12490370533330698,0.35341718313249426,0.3483593160063253
295.6,1.4185437871662128,0.054821646713381834,0.23414022873778403,0.41854378716621304
296.0,1.41945467565472,0.05577792167397876,0.23617349909331226,0.41945467565472006
296.4,1.357927353451826,0.08705183182112253,0.2950454741580059,0.3579273534518255
296.8,1.4339368218826591,0.06192982131134844,0.2488570298612206,0.4339368218826589
297.2,1.38521851523401,0.13310638525037702,0.3648374778588091,0.3852185152340104
297.6,1.3488202417280992,0.09713354924679925,0.31166255669682114,0.34882024172809933
298.0,1.3524848037503099,0.08321545034767051,0.2884708830153756,0.35248480375030955
298.4,1.3840283443796548,0.11197432509491613,0.3346256491886361,0.38402834437965494
298.8,1.4340924161831305,0.07505898899647073,0.27396895626415546,0.43409241618313016
299.2,1.4028333948104144,0.09202308856385673,0.30335307574484344,0.4028333948104139
299.6,1.429198503460959,0.09101739472255244,0.30169089267419463,0.42919850346095895
300.0,1.5425151384579625,0.10084370119614743,0.3175589727848159,0.5425151384579625
300.4,1.4154390200525522,0.11476811393721575,0.3387744292847613,0.4154390200525522
300.8,1.4132336613849235,0.055468050322642994,0.23551656061229112,0.41323366138492335
301.2,1.4233735444897944,0.12689221037345572,0.35621932902841713,0.42337354448979436
301.6,1.33731047447735,0.06731709978637261,0.2594553907444835,0.33731047447735013
302.0,1.4654872508222656,0.04595037559068194,0.21436038717702005,0.46548725082226533
302.4,1.2820749462916752,0.04510315795392365,0.21237504079793287,0.2820749462916752
302.8,1.2835470006832241,0.08129938675621527,0.285130473215711,0.2835470006832238
303.2,1.2928092453565416,0.08735203591254345,0.2955537783763616,0.29280924535654157
303.6,1.2584680341796866,0.08502713955365403,0.29159413497814735,0.2584680341796865
304.0,1.4769415072259942,0.09523693023634476,0.308604812399847,0.47694150722599427
304.4,1.5087327384396,0.1117864588693039,0.3343448203117612,0.5087327384395999
304.8,1.425677825133714,0.0440308213525552,0.2098352242893342,0.42567782513371427
305.2,1.2949572697812557,0.20438628226553388,0.45209101104261507,0.294957269781256
305.6,1.4786727385226421,0.1621737954576276,0.4027080772192527,0.478672738522642
306.0,1.3669737117300953,0.1294295457523719,0.3597631800954232,0.3669737117300954
306.4,1.4656528682866647,0.07111024863539468,0.2666650495197949,0.465652868286665
306.8,1.5508842604626345,0.06491846507224025,0.2547910223540858,0.5508842604626346
307.2,1.4475634268556863,0.10885073417194276,0.32992534636178344,0.4475634268556866
307.6,1.2820129903611925,0.09553537471924316,0.3090879724596917,0.2820129903611929
308.0,1.4050462720243957,0.05837558810383469,0.2416104056199457,0.40504627202439536
308.4,1.3573537022657138,0.09653931009934123,0.3107077567415098,0.3573537022657137
308.8,1.5226150203060604,0.0831985404893932,0.28844157205471127,0.5226150203060603
309.2,1.2900268205695173,0.1255073690025872,0.35427019208873217,0.29002682056951723
309.6,1.4232569652115337,0.1221403236735586,0.3494857989583534,0.4232569652115334
310.0,1.432836627050181,0.07336855058412955,0.2708662965083134,0.4328366270501813
310.4,1.442391995802784,0.06636146874751203,0.2576071985553044,0.44239199580278443
310.8,1.4758109470949308,0.07482781041195119,0.2735467243670653,0.4758109470949311
311.2,1.2922424017452923,0.06354159354300745,0.25207457932724486,0.2922424017452924
311.6,1.361877764812181,0.11853236349758445,0.3442852937573495,0.3618777648121807
312.0,1.3804512833829887,0.06773886662615386,0.2602669141980092,0.38045128338298884
312.4,1.3028936127775725,0.07019998778928445,0.2649528029466464,0.3028936127775727
312.8,1.3553473474899773,0.07988611051868832,0.2826413107079153,0.35534734748997715
313.2,1.4276663374194238,0.0794054384651088,0.2817897061021016,0.42766633741942395
313.6,1.2643494335789818,0.1455077598166102,0.3814547939358086,0.2643494335789819
314.0,1.342046844969052,0.036816583580283925,0.19187648000806123,0.342046844969052
314.4,1.4191031850550129,0.11108585400499657,0.33329544552093204,0.4191031850550127
314.8,1.3985887108031072,0.1570939171966289,0.3963507502158018,0.39858871080310726
315.2,1.5470776361892717,0.12764589659389425,0.35727565911197234,0.5470776361892715
315.6,1.537415399949358,0.09224786545416405,0.3037233370259257,0.5374153999493583
316.0,1.4660747498943838,0.15753932293434317,0.39691223580829954,0.4660747498943838
316.4,1.47335728594913,0.06386031265298583,0.2527059806434858,0.47335728594912974
316.8,1.4121444933784775,0.07723454468640806,0.2779110373598142,0.4121444933784774
317.2,1.3594666311947374,0.07142011896601193,0.2672454283351016,0.3594666311947375
317.6,1.275670065234483,0.10411636730835158,0.3226706793440513,0.2756700652344829
318.0,1.3277963100727173,0.06312509090021182,0.25124707142613983,0.327796310072717
318.4,1.5156564737035993,0.10744306344472258,0.3277850872823878,0.5156564737035995
318.8,1.3121422096866602,0.1106141632023214,0.332587076120407,0.31214220968666034
319.2,1.449740144748946,0.054416389756706124,0.23327320839887747,0.44974014474894625
319.6,1.4854576146814114,0.08611782678051257,0.2934583902029597,0.48545761468141146
320.0,1.3080126294763206,0.06469110712190054,0.25434446548313283,0.3080126294763207
320.4,1.316888484693259,0.03370297313210035,0.1835836951695339,0.31688848469325864
320.8,1.3354726732911355,0.04243403515523819,0.20599523090411145,0.33547267329113545
321.2,1.3441112408736637,0.04651637242625737,0.21567654584181695,0.34411124087366385
321.6,1.3416446145517484,0.07054527099656027,0.26560359748422135,0.3416446145517488
322.0,1.523947846319246,0.0775941177556564,0.2785572073303012,0.5239478463192461
322.4,1.427471722804265,0.05786605520410586,0.24055364309048793,0.42747172280426515
322.8,1.4743274578709553,0.06816934053312557,0.2610925899621159,0.4743274578709552
323.2,1.4333278685751865,0.055792671315473615,0.23620472331321746,0.4333278685751861
323.6,1.3685647670441685,0.07579304075622086,0.2753053591127874,0.36856476704416846
324.0,1.4023900629348718,0.09000191514094483,0.3000031918845945,0.4023900629348719
324.4,1.420694992858789,0.07733117179398899,0.2780848284139014,0.4206949928587889
324.8,1.3865040928491819,0.06885472106620083,0.26240183129353506,0.3865040928491822
325.2,1.3113707789831701,0.0725848452736643,0.269415748006059,0.31137077898316967
325.6,1.376769638075768,0.05327402227081537,0.23081165973757775,0.376769638075768
326.0,1.3134323743286367,0.05444029386028967,0.23332443905491268,0.3134323743286363
326.4,1.400986186688403,0.09327127304728222,0.3054034594553281,0.400986186688403
326.8,1.4396694809901542,0.05832896293328421,0.24151389801269038,0.4396694809901541
327.2,1.4229294802602452,0.061063038384078894,0.24710936522940383,0.4229294802602451
327.6,1.4691463887583667,0.051979610117703516,0.22799037286188975,0.4691463887583665
328.0,1.439292547236875,0.06588911735497144,0.2566887558015961,0.43929254723687494
328.4,1.3787218265108108,0.07895672535654857,0.28099239376991786,0.37872182651081066
328.8,1.2799090844288334,0.06794803484946073,0.2606684385372743,0.2799090844288334
329.2,1.4071060334585224,0.05354110399538579,0.23138950709871395,0.4071060334585222
329.6,1.4493247101856874,0.10763077266994563,0.32807129205394614,0.44932471018568754
330.0,1.38766629230366,0.10070347947971543,0.31733811539069084,0.38766629230366
330.4,1.3763372227830066,0.0475336466501178,0.2180221242216436,0.3763372227830069
330.8,1.4396525795177628,0.08086957060470211,0.2843757560072625,0.43965257951776293
331.2,1.3975273604208618,0.0521405799133397,0.2283431188219599,0.39752736042086195
331.6,1.398559766191618,0.04566613996287888,0.21369637330305558,0.3985597661916181
332.0,1.2450065272639224,0.13754988478696656,0.37087718288803717,0.24500652726392208
332.4,1.439016819053298,0.08689333045807586,0.2947767468069282,0.4390168190532978
332.8,1.3264350552016677,0.051168189235792305,0.2262038665359023,0.3264350552016675
333.2,1.4642632113805614,0.11540354714291072,0.3397109758940837,0.46426321138056154
333.6,1.4065830393659555,0.07345192453318802,0.2710201552157847,0.40658303936595563
334.0,1.4939194223099619,0.09292926661893738,0.3048430196329537,0.49391942230996166
334.4,1.4453834010857647,0.09284706557400957,0.30470816460017863,0.44538340108576513
334.8,1.4628583178911447,0.06252555150486312,0.2500510977877584,0.46285831789114473
335.2,1.385146837856061,0.07620688245246775,0.2760559408027071,0.38514683785606063
335.6,1.417057827220972,0.06227147248567144,0.2495425264071666,0.41705782722097184
336.0,1.2942065798321032,0.11639217613137232,0.3411629759094212,0.2942065798321031
336.4,1.3534563031485976,0.10593711033790774,0.32547981556143807,0.35345630314859744
336.8,1.33183569971921,0.05379405862383008,0.23193546219547814,0.3318356997192101
337.2,1.4121731747991313,0.07693945835204481,0.2773796285815611,0.4121731747991311
337.6,1.455378099522486,0.04494712906255588,0.212007379736074,0.45537809952248587
338.0,1.455943516451189,0.08838296189537546,0.29729272089201153,0.4559435164511886
338.4,1.483564858195245,0.07163985824364956,0.2676562314679962,0.4835648581952448
338.8,1.3264202051799132,0.07746413710895869,0.27832379903443166,0.3264202051799134
339.2,1.3390197384357685,0.04492132195903739,0.21194650730558734,0.3390197384357685
339.6,1.4613718072332504,0.0576291923280389,0.24006080964630377,0.46137180723325083
340.0,1.3018927296570875,0.05215542317095525,0.22837561860004946,0.30189272965708736
340.4,1.2731523230370234,0.03424070385820411,0.18504243799248893,0.2731523230370235
340.8,1.4066773321291,0.099961589861663,0.31616702842273575,0.40667733212909984
341.2,1.4443168953322612,0.06368312286897641,0.25235515225367683,0.44431689533226126
341.6,1.4427316174188396,0.10047528981805287,0.3169783743696924,0.44273161741883965
342.0,1.4586302513179237,0.10360230904347889,0.32187312569315085,0.45863025131792395
342.4,1.4151169558011685,0.029307461063045243,0.17119422029684658,0.4151169558011686
342.8,1.3848287835253736,0.060586412849417584,0.24614307394159515,0.38482878352537353
343.2,1.3695163579967473,0.06772467661634561,0.260239652275255,0.3695163579967475
343.6,1.4380152962452044,0.048378380830851754,0.2199508600366267,0.4380152962452043
344.0,1.4592511035800055,0.06963178690797542,0.2638783562704138,0.45925110358000565
344.4,1.4291190617920126,0.09068550700965916,0.3011403443739466,0.42911906179201287
344.8,1.335782023531378,0.1108202890471675,0.3328968144142678,0.335782023531378
345.2,1.2888803693672304,0.05119235737624167,0.22625728137728887,0.28888036936723027
345.6,1.400434749216202,0.07820068126031386,0.2796438471704927,0.400434749216202
346.0,1.30725392209209,0.07506077379613646,0.2739722135475356,0.30725392209209
346.4,1.4705211223968526,0.09172509684941604,0.3028615143087943,0.4705211223968524
346.8,1.3801519286750945,0.12393056348842893,0.3520377302057678,0.3801519286750946
347.2,1.4485626192113081,0.10734807912156785,0.32764016713701,0.44856261921130836
347.6,1.3687140791523293,0.0518844662075685,0.22778161955603113,0.3687140791523291
348.0,1.3417135747014022,0.1341946087150516,0.36632582316163786,0.3417135747014021
348.4,1.5106661279421212,0.1088317613126095,0.32989659184752046,0.5106661279421211
348.8,1.383055483897385,0.14610687196286679,0.382239286263025,0.38305548389738464
349.2,1.3380257566669942,0.11815155145925776,0.34373180164084,0.3380257566669941
349.6,1.4906982864784035,0.049523546641186765,0.22253886546216317,0.49069828647840374
350.0,1.3920778097152224,0.041835991256078994,0.20453848355768894,0.39207780971522244
350.4,1.411090570690225,0.05364989987944186,0.2316244803112181,0.4110905706902249
350.8,1.2265216082168746,0.11066915034232015,0.3326697316293145,0.22652160821687445
351.2,1.5252864426404695,0.07102924391299686,0.26651312146496065,0.5252864426404693
351.6,1.4082948857570516,0.05043421193360349,0.2245756263123928,0.40829488575705186
352.0,1.3347001690143911,0.06088846567939199,0.2467558827655219,0.33470016901439104
352.4,1.4652094678432293,0.10549691204012435,0.32480288182238215,0.4652094678432291
352.8,1.455345079038962,0.07140984989092879,0.2672262148273047,0.45534507903896193
353.2,1.4433689959209024,0.12523582178232742,0.3538867358100999,0.44336899592090273
353.6,1.3382667116378442,0.041747000496220585,0.20432082736769785,0.338266711637844
354.0,1.3909280346649315,0.05190478081034783,0.22782620747040458,0.3909280346649316
354.4,1.2720494533708666,0.0668249502669868,0.25850522290078937,0.27204945337086667
354.8,1.399566424277395,0.0683412887446103,0.2614216684680333,0.3995664242773952
355.2,1.443075733163728,0.058095471685939766,0.24103002237468213,0.44307573316372795
355.6,1.4248548506899987,0.07253420171042198,0.2693217438500315,0.42485485068999856
356.0,1.5187877883260108,0.06602276434029535,0.2569489527908128,0.5187877883260106
356.4,1.3966559404169803,0.05156517769748709,0.22707967257658068,0.3966559404169806
356.8,1.3324829401843434,0.08656287203797125,0.29421568965296746,0.3324829401843436
357.2,1.3693227409055924,0.0385621370834142,0.19637244481702162,0.36932274090559253
357.6,1.3438120346842217,0.06336828161331606,0.2517305734576475,0.34381203468422195
358.0,1.3585124581102153,0.11131236252363026,0.33363507388107483,0.35851245811021515
358.4,1.3674127638515545,0.05115462638074833,0.22617388527579468,0.36741276385155447
358.8,1.3624316380490264,0.06892445876259831,0.26253468106632755,0.36243163804902645
359.2,1.3887626714505932,0.10784323613091562,0.3283949392589898,0.3887626714505935
359.6,1.4132265541086861,0.13150289544179797,0.3626332795563556,0.4132265541086861
360.0,1.4639400399389544,0.0710257826186572,0.2665066277199447,0.4639400399389544
360.4,1.5021966313512753,0.13258706084352576,0.36412506209203144,0.5021966313512755
360.8,1.3693509825631947,0.09347175641240461,0.3057315103361193,0.3693509825631943
361.2,1.2963194736576586,0.17226934682898304,0.4150534264754154,0.29631947365765876
361.6,1.2219983946428379,0.21604069222228214,0.46480177734415146,0.22199839464283788
362.0,1.376622250252529,0.09321777806201836,0.30531586605025685,0.376622250252529
362.4,1.5511510844799612,0.08684948589244602,0.2947023683183527,0.551151084479961
362.8,1.4159409264923768,0.11682267200412758,0.34179331767038335,0.41594092649237674
363.2,1.3760559961819347,0.24670358279171456,0.4966926441892557,0.37605599618193464
363.6,1.4551393882383226,0.20191141905086918,0.4493455452665233,0.4551393882383227
364.0,1.4892186822753837,0.14734268914612428,0.383852431470903,0.48921868227538334
364.4,1.3923295374067837,0.09520730229545978,0.3085568056216874,0.39232953740678334
364.8,1.5050218069221972,0.10091377097035059,0.31766927923604854,0.5050218069221972
365.2,1.5521655921948083,0.10791416980163081,0.3285029220595013,0.5521655921948084
365.6,1.3542379392316675,0.0647816272580256,0.2545223511953824,0.35423793923166746
366.0,1.2240394933378576,0.0779716840360839,0.27923410256643777,0.22403949333785772
366.4,1.5147371898681006,0.05435528639915629,0.23314220209811068,0.5147371898681007
366.8,1.4462150968980816,0.07632831866103745,0.2762758018014561,0.44621509689808125
367.2,1.3366039547867343,0.05185092807945677,0.22770798861580763,0.3366039547867344
367.6,1.2496379872452248,0.053132857043535736,0.23050565512267965,0.2496379872452244
368.0,1.3302261704004756,0.04404204760924069,0.20986197275647794,0.3302261704004753
368.4,1.3243033380079932,0.04630253029630414,0.21518022747525883,0.32430333800799305
368.8,1.360714781549972,0.0627406933655151,0.2504809241549446,0.36071478154997194
369.2,1.4666419188511255,0.0521810545932221,0.22843172851690743,0.46664191885112577
369.6,1.3508404261123756,0.05622441163849958,0.23711687337365847,0.35084042611237554
370.0,1.3507124537009059,0.07293871317489056,0.2700716815493445,0.35071245370090603
370.4,1.3395737067518159,0.04997582542697955,0.22355273522589597,0.3395737067518157
370.8,1.379823472378559,0.05295798383955477,0.23012601730259613,0.3798234723785588
371.2,1.5009327611862018,0.07354369121720594,0.27118940100454875,0.5009327611862021
371.6,1.50989615780108,0.1541986429164472,0.392681350354772,0.5098961578010799
372.0,1.5065175208301287,0.14552123845271672,0.38147246093619486,0.5065175208301287
372.4,1.3971060307217618,0.06484486855413647,0.25464655614034226,0.3971060307217618
372.8,1.5167611355913935,0.0778307353015249,0.2789816038765368,0.5167611355913934
373.2,1.356642152803276,0.09806415060990782,0.31315196089104697,0.356642152803276
373.6,1.3917559715533636,0.0888902079950717,0.2981446092000855,0.391755971553364
374.0,1.435956771296984,0.09261824909275558,0.30433246473676706,0.43595677129698435
374.4,1.29558009102155,0.09017663796698051,0.3002942523042699,0.2955800910215501
374.8,1.3118380117499715,0.05701410901738659,0.23877627398338092,0.3118380117499714
375.2,1.3166126013388066,0.09994984494930552,0.3161484539726638,0.3166126013388067
375.6,1.3019136078602997,0.06166636732173636,0.24832713770696985,0.3019136078603001
376.0,1.3498060706676136,0.06793680021135824,0.2606468879755871,0.3498060706676138
376.4,1.4295414128685149,0.0983253037913558,0.31356865881550694,0.4295414128685149
376.8,1.4668188551889398,0.09171531034855271,0.30284535715204997,0.46681885518893995
377.2,1.414407336825034,0.07372192435589446,0.2715178159088174,0.4144073368250341
377.6,1.5060651884248595,0.05392098082153404,0.23220891632651414,0.5060651884248594
378.0,1.302364824086844,0.06866017917316844,0.26203087446552636,0.3023648240868438
378.4,1.3286937397819318,0.09537748555419175,0.3088324554741482,0.3286937397819319
378.8,1.4635968774376225,0.08242170024714496,0.28709179759642206,0.463596877437622
379.2,1.4269839467137997,0.09358528504896894,0.30591712120927284,0.4269839467137998
379.6,1.4082779881674274,0.17562070873399735,0.41907124541537966,0.4082779881674276
380.0,1.4591794004116658,0.10650071288847592,0.3263444696765611,0.459179400411666
380.4,1.4032290044475715,0.0958847951700675,0.30965270089257657,0.4032290044475716
380.8,1.440551993072805,0.0453465025476824,0.21294718253051015,0.4405519930728051
381.2,1.3622066427051487,0.08576384693420491,0.29285465154954415,0.36220664270514863
381.6,1.4250833880564504,0.05811375594324184,0.2410679488095459,0.42508338805645024
382.0,1.325114964018905,0.06771302390436393,0.2602172628869267,0.3251149640189051
382.4,1.4127136440119359,0.08131210977461278,0.2851527832138638,0.41271364401193605
382.8,1.449720183834441,0.061605962225411655,0.24820548387457447,0.44972018383444085
383.2,1.3609566738178103,0.048527895995855455,0.2202904809469884,0.36095667381781027
383.6,1.3372798666938208,0.10182275382581359,0.3190967781501618,0.33727986669382054
384.0,1.358142392888143,0.07933069722896265,0.2816570560610237,0.358142392888143
384.4,1.435441958101555,0.06207718440557936,0.2491529337687585,0.43544195810155467
384.8,1.4199751121425368,0.10934757756111181,0.3306774524534623,0.4199751121425364
385.2,1.4274547115274614,0.08776933965947321,0.29625890646438496,0.4274547115274615
385.6,1.362284527424802,0.11945138375722521,0.3456173950443253,0.3622845274248021
386.0,1.3103351980307385,0.14212999193273654,0.3770013155583632,0.3103351980307387
386.4,1.2952997250570077,0.07917880035954038,0.2813872782475078,0.29529972505700836
386.8,1.4156574157086004,0.07622716991444366,0.2760926835583364,0.4156574157086005
387.2,1.3863918760657186,0.09899895073014965,0.31464098704738014,0.38639187606571856
387.6,1.5514385496989074,0.10826390911580808,0.3290348144434082,0.5514385496989074
388.0,1.4942166429468566,0.12879910091070715,0.35888591628915606,0.49421664294685674
388.4,1.4208594518405229,0.06650910755719062,0.2578935973559457,0.4208594518405232
388.8,1.3882147420867024,0.14327675378610144,0.3785191590740176,0.3882147420867025
389.2,1.4211395568323681,0.09916191072025704,0.3148998423630235,0.4211395568323679
389.6,1.5029008849136376,0.1320875857935945,0.3634385584849171,0.5029008849136377
390.0,1.4161704980801502,0.04821878643830188,0.21958776477368197,0.41617049808015044
390.4,1.3820321008678633,0.09165285745705179,0.3027422293916919,0.3820321008678631
390.8,1.3263854515002511,0.05510474703003523,0.23474400318226496,0.32638545150025117
391.2,1.321961339847888,0.05872450907954752,0.24233140341183088,0.321961339847888
391.6,1.3420348564393463,0.06351702848800626,0.2520258488488954,0.342034856439346
392.0,1.3104572888091461,0.10762286571845454,0.3280592411721617,0.31045728880914597
392.4,1.3682462573816323,0.0411148694683413,0.20276801884996878,0.3682462573816323
392.8,1.3279408051703219,0.10357016657443856,0.32182319148010224,0.32794080517032176
393.2,1.5145033122762537,0.041615474535774154,0.20399871209342021,0.5145033122762536
393.6,1.319873740365721,0.07754967493227258,0.2784774226616452,0.31987374036572097
394.0,1.4040437386557802,0.12776287073791276,0.35743932455440985,0.40404373865578036
394.4,1.3973071013455043,0.07316366543511807,0.2704878286265725,0.3973071013455044
394.8,1.3898537510315019,0.12656168055659436,0.35575508507482273,0.38985375103150177
395.2,1.4934903863713738,0.09003455141088666,0.3000575801590199,0.49349038637137355
395.6,1.3227042036515229,0.07935002226572756,0.28169135994156363,0.3227042036515232
396.0,1.3877648958256323,0.11945205264449184,0.3456183627131114,0.3877648958256322
396.4,1.6016518960001256,0.08804807969385489,0.2967289667252843,0.6016518960001258
396.8,1.3954071368269196,0.08994823302027548,0.29991370929031486,0.3954071368269195
397.2,1.3885057506449219,0.054792397724045955,0.23407775999450686,0.38850575064492177
397.6,1.451687754119406,0.048926747267904656,0.22119391327047103,0.45168775411940565
398.0,1.4092137657016086,0.08127553369632141,0.285088641822717,0.4092137657016087
398.4,1.329734970786749,0.06682760954510109,0.2585103664170957,0.3297349707867489
398.8,1.3555053389800134,0.06300560004145708,0.2510091632619357,0.35550533898001335
399.2,1.3828521558774172,0.070920628092585,0.26630927151074746,0.3828521558774174
399.6,1.2583969161668116,0.05043468950297795,0.22457668958059282,0.25839691616681143
